channel_name,channelId,channel_url,follower,categories,is_general_game,is_virtual,peak_max,peak_p95,peak_median,peak_recent_median,avg_median,avg_recent_median,stream_hours,ts_weeks,band
한동숙,75cbf189b3bb8f9f687d2aca0d0a382b,https://chzzk.naver.com/live/75cbf189b3bb8f9f687d2aca0d0a382b,404909,"메이플스토리 월드,2026 FIFA 북중미 월드컵,팀파이트 매니저 2",true,false,363759,39759.5,21659,16838,11268,10071,6249.9,131,50k+
괴물쥐,c7ded8ea6b0605d3c78e18650d2df83b,https://chzzk.naver.com/live/c7ded8ea6b0605d3c78e18650d2df83b,350384,"리그 오브 레전드,메이플스토리 월드,아크 레이더스",true,false,22422,19734,9192,7163,5413,4990.5,5176.6,132,50k+
탬탬버린,a7e175625fdea5a7d98428302b7aa57f,https://chzzk.naver.com/live/a7e175625fdea5a7d98428302b7aa57f,316141,"리그 오브 레전드,talk,마인크래프트",false,true,29490,17069.6,9245,11092.5,6304,6972.5,1021.6,139,50k+
아야츠노 유니,45e71a76e949e16a34764deb962f9d9f,https://chzzk.naver.com/live/45e71a76e949e16a34764deb962f9d9f,291026,"talk,엘든 링 황금 나무의 그림자,엘든 링",true,true,21029,13453.8,5856,6459,4216.5,4261,824.1,114,50k+
강지,b5ed5db484d04faf4d150aedd362f34b,https://chzzk.naver.com/live/b5ed5db484d04faf4d150aedd362f34b,277565,"talk,발로란트,팅커랜드: 어 쉽렉트 어드벤처",false,true,18930,10474,4880,3133.5,2488,2310.5,3941.1,125,50k+
아라하시 타비,a6c4ddb09cdb160478996007bff35296,https://chzzk.naver.com/live/a6c4ddb09cdb160478996007bff35296,244269,"talk,스타크래프트 : 리마스터,마인크래프트",true,true,21633,11497.7,5830.5,6188.5,4450,4255.5,966.7,138,50k+
아카네 리제,4325b1d5bbc321fad3042306646e2e50,https://chzzk.naver.com/live/4325b1d5bbc321fad3042306646e2e50,244215,"talk,오버워치,마인크래프트",false,true,12792,7050.7,3751,3474,2977,2914.5,556.7,130,50k+
텐코 시부키,64d76089fba26b180d9c9e48a32600d9,https://chzzk.naver.com/live/64d76089fba26b180d9c9e48a32600d9,232010,"talk,마인크래프트,P의 거짓",false,true,34645,22783,9651,8568.5,6107.5,6022.5,3829.1,134,50k+
시라유키 히나,b044e3a3b9259246bc92e863e7d3f3b8,https://chzzk.naver.com/live/b044e3a3b9259246bc92e863e7d3f3b8,229594,"명조:워더링 웨이브,talk,마인크래프트",false,true,47218,22782.6,7160,6160.5,4107.5,4232,3826.6,134,50k+
아오쿠모 린,516937b5f85cbf2249ce31b0ad046b0f,https://chzzk.naver.com/live/516937b5f85cbf2249ce31b0ad046b0f,208751,"음악/노래,마인크래프트,이터널 리턴",true,true,28781,8726.5,3952.5,4044,3236,3275.5,518.5,124,50k+
네네코 마시로,4515b179f86b67b4981e16190817c580,https://chzzk.naver.com/live/4515b179f86b67b4981e16190817c580,202511,"종합 게임,talk,리그 오브 레전드",true,true,18290,6330.8,3600.5,3734,2868,3028.5,610.6,124,50k+
하나코 나나,4d812b586ff63f8a2946e64fa860bbf5,https://chzzk.naver.com/live/4d812b586ff63f8a2946e64fa860bbf5,198753,"마인크래프트,용과 같이: 극,음악/노래",true,true,38058,16773.1,6069,6389.5,3581,4766,2371.3,119,50k+
유즈하 리코,8fd39bb8de623317de90654718638b10,https://chzzk.naver.com/live/8fd39bb8de623317de90654718638b10,198131,"명조:워더링 웨이브,talk,이터널 리턴",false,true,25886,9397.2,4107.5,4579,3152.5,2852.5,842.5,140,50k+
윤가놈,1ad5aa0f6c6741b072528fad5e5e76b1,https://chzzk.naver.com/live/1ad5aa0f6c6741b072528fad5e5e76b1,184721,"talk,리그 오브 레전드,포켓몬스터 하트골드",true,false,43897,15558,7233,4816,3840,4081,3748.7,128,50k+
옥냥이 RoofTopCAT,0d027498b18371674fac3ed17247e6b8,https://chzzk.naver.com/live/0d027498b18371674fac3ed17247e6b8,157659,"팀파이트 매니저 2,종합 게임,성세천하: 여제의 탄생 Ⅱ",true,false,10536,8818,2474,2104.5,1422,1608,3446.1,113,50k+
피닉스박,c100f81959d1c17044be0541eed56f5b,https://chzzk.naver.com/live/c100f81959d1c17044be0541eed56f5b,154237,"메이플스토리,리그 오브 레전드,메이플스토리 월드",true,false,14245,7316,2303,2469.5,1572.5,1568.5,1314.5,142,50k+
따효니,0dad8baf12a436f722faa8e5001c5011,https://chzzk.naver.com/live/0dad8baf12a436f722faa8e5001c5011,152929,"리그 오브 레전드,스타크래프트 : 리마스터,철권 8",true,false,35523,13717.6,6645,8160.5,4461,4890.5,1243.5,143,50k+
지누,2086f44c7b09a17cef6786f21389db3b,https://chzzk.naver.com/live/2086f44c7b09a17cef6786f21389db3b,151919,"종합 게임,마인크래프트,언레일드 2: 백 온 트랙",true,false,21566,10735.5,6312.5,4801.5,3762,3613,3277.4,118,50k+
릴카,4d0b7d3f825ea982b95f0a5c2b4782d3,https://chzzk.naver.com/live/4d0b7d3f825ea982b95f0a5c2b4782d3,150433,"야구,명조:워더링 웨이브,talk",true,false,7639,4994.8,1773,1563.5,1184,1097.5,661.2,103,50k+
명예훈장,5d53f8fa5bef9b1bd4dc884f9907c079,https://chzzk.naver.com/live/5d53f8fa5bef9b1bd4dc884f9907c079,150106,"메이플스토리,메이플스토리 월드,리그 오브 레전드",true,false,21016,15102.3,4039,1841,1393,1104.5,5923.6,139,50k+
사키하네 후야,36ddb9bb4f17593b60f1b63cec86611d,https://chzzk.naver.com/live/36ddb9bb4f17593b60f1b63cec86611d,147977,"스타크래프트 : 리마스터,마인크래프트,talk",false,true,7006,5037.7,2850.5,3210,2160,2133,614.6,118,50k+
녹두로,6e06f5e1907f17eff543abd06cb62891,https://chzzk.naver.com/live/6e06f5e1907f17eff543abd06cb62891,147392,"프로젝트 좀보이드,요시와 신기한 도감,슬레이 더 스파이어 2",true,false,14752,7571.8,4372,3525,3284,2716,891.7,139,50k+
마뫄,219d8e65810a77d6e42c7df018d9632b,https://chzzk.naver.com/live/219d8e65810a77d6e42c7df018d9632b,146561,"발로란트,마인크래프트,talk",false,true,7186,6337,3078,1554,1482,1147.5,3995.7,128,50k+
김뚜띠,2eee29ce69664154d8bc478825941259,https://chzzk.naver.com/live/2eee29ce69664154d8bc478825941259,145980,"발로란트,마인크래프트,리그 오브 레전드",true,false,16189,8702.5,4281,2500,3012,2144.5,1942.8,111,50k+
앰비션,8a59b34b46271960c1bf172bb0fac758,https://chzzk.naver.com/live/8a59b34b46271960c1bf172bb0fac758,136856,"리그 오브 레전드,메이플스토리 월드,림월드",true,false,16250,9065,3004,2577.5,1287,1275,5405.9,126,50k+
에리스,17d8605fc37fb5ef49f5f67ae786fe4e,https://chzzk.naver.com/live/17d8605fc37fb5ef49f5f67ae786fe4e,48809,"스타크래프트 : 리마스터,talk,마인크래프트",true,true,10929,2306.6,993,1494,763.5,1051.5,704.6,124,20k-50k
늦잠,e9ff6a0d42f604ac57fcd53f1c3b9bc0,https://chzzk.naver.com/live/e9ff6a0d42f604ac57fcd53f1c3b9bc0,48481,"talk,캡처드 2,PUBG: 배틀그라운드",false,true,2089,1574,852.5,796.5,737,643,309.7,116,20k-50k
류시호 RyuSiho,f36320c432d9f06095ce2cfbbf681c26,https://chzzk.naver.com/live/f36320c432d9f06095ce2cfbbf681c26,47901,"talk,스타크래프트 : 리마스터,P의 거짓",false,true,3097,1910,945,1001.5,732,684,1066.6,131,20k-50k
라코코 RAKOKO,8a933cb3a86c52aadb2483aa4eed72aa,https://chzzk.naver.com/live/8a933cb3a86c52aadb2483aa4eed72aa,46427,"talk,스타크래프트 : 리마스터,폴리 브릿지",false,true,6176,2979,1607,1392,1037,1037,2017.4,92,20k-50k
하루토,4f891095bc91025428ba2e8c375ef86c,https://chzzk.naver.com/live/4f891095bc91025428ba2e8c375ef86c,46284,talk,false,true,8934,1845.6,770,702,525,525.5,1577.8,104,20k-50k
순당무,475b273abe12e5bc1d667af5b8974381,https://chzzk.naver.com/live/475b273abe12e5bc1d667af5b8974381,46112,"리그 오브 레전드,림버스 컴퍼니,서브노티카 2",false,true,20259,5077.8,447,227,162,144,3079.2,119,20k-50k
앵보,41d1490bd67b3818d7dc53427a4d6cea,https://chzzk.naver.com/live/41d1490bd67b3818d7dc53427a4d6cea,45843,"talk,승리의 여신: 니케,명조:워더링 웨이브",false,true,4535,1300.5,522,517.5,373,355.5,983.2,147,20k-50k
꼴랑이,effe648202c8f7fba081c2f2aeea1979,https://chzzk.naver.com/live/effe648202c8f7fba081c2f2aeea1979,45067,"메이플스토리 월드,리그 오브 레전드,던전앤파이터",true,false,4589,3579,2075,2176,1237,1196,1821,145,20k-50k
이샤 ISHA,d9c00ea08106b660e26abcd730e7d796,https://chzzk.naver.com/live/d9c00ea08106b660e26abcd730e7d796,44837,"talk,스타크래프트 : 리마스터,명조:워더링 웨이브",false,true,1340,1001.8,564,521,412,426,914.7,125,20k-50k
던,dc740d5bb5680666b6bf2ebc58a8203f,https://chzzk.naver.com/live/dc740d5bb5680666b6bf2ebc58a8203f,44453,"리그 오브 레전드,하스스톤,던전앤파이터",true,false,14537,2481.4,610,203,281,106.5,3086.7,125,20k-50k
쁘 허,8130c3d98b5701a5ca5500b0a8aa4b35,https://chzzk.naver.com/live/8130c3d98b5701a5ca5500b0a8aa4b35,44370,"talk,로스트아크,발로란트",true,false,1139,515,98,93,59,52,715.7,71,20k-50k
김똘복,57fd052838434874068eafdd2cb581b3,https://chzzk.naver.com/live/57fd052838434874068eafdd2cb581b3,44272,"종합 게임,2026 FIFA 북중미 월드컵",true,false,3686,1390.6,500,614,341,332.5,665.4,87,20k-50k
오화요 Ohwayo,65a53076fe1a39636082dd6dba8b8a4b,https://chzzk.naver.com/live/65a53076fe1a39636082dd6dba8b8a4b,44254,"talk,음악/노래,명조:워더링 웨이브",false,true,4742,1097.8,673,795.5,506,550.5,881.3,137,20k-50k
블레어 로즈,dae2de8eaa005a59163f2e4c045e1aa1,https://chzzk.naver.com/live/dae2de8eaa005a59163f2e4c045e1aa1,44243,"talk,슈타인즈 게이트 엘리트,승리의 여신: 니케",false,true,5486,3481,1408,1560.5,1080,1181,742.4,121,20k-50k
쩡혁,ad58c752aef8b249ac3c7b6e5276ebe6,https://chzzk.naver.com/live/ad58c752aef8b249ac3c7b6e5276ebe6,44256,"talk,겟 투 워크,리그 오브 레전드",true,false,5976,4393,950,594,457,382,1272.7,77,20k-50k
형 독,aeb5b654cad7a2c0a0e6633a6d6de4aa,https://chzzk.naver.com/live/aeb5b654cad7a2c0a0e6633a6d6de4aa,44089,"talk,포르자 호라이즌 6,종합 게임",true,false,1522,892,406,387,254,251.5,3173.8,131,20k-50k
RED레드,a96cea2d2c39cec636ba8170c66a0510,https://chzzk.naver.com/live/a96cea2d2c39cec636ba8170c66a0510,43538,"음악/노래,메이플스토리 월드,talk",true,true,4484,2045,1005.5,371.5,418,303.5,3650.9,136,20k-50k
담유이,b82e8bc2505e37156b2d1140ba1fc05c,https://chzzk.naver.com/live/b82e8bc2505e37156b2d1140ba1fc05c,43513,"talk,PUBG: 배틀그라운드,리그 오브 레전드",false,true,3680,2677,1300.5,618,549,484,3359.5,126,20k-50k
스즈 SUZU,aa66ed6da9e203c26807c0cd3579983a,https://chzzk.naver.com/live/aa66ed6da9e203c26807c0cd3579983a,42762,"ASMR,talk,슈퍼 단간론파 2: 안녕히 절망학원",true,true,3858,3383,1649.5,234.5,276.5,155.5,3807.3,130,20k-50k
루이쨘,0aea99d7015373c158d60a7d26bb743a,https://chzzk.naver.com/live/0aea99d7015373c158d60a7d26bb743a,41755,talk,false,true,2660,1394,424,303.5,290.5,263.5,418.5,66,20k-50k
니니아,f00f6d46ecc6d735b96ecf376b9e5212,https://chzzk.naver.com/live/f00f6d46ecc6d735b96ecf376b9e5212,41645,"talk,리그 오브 레전드,하스스톤",false,true,13299,4426,1124,712,502,526,5198.1,126,20k-50k
조이냥,a9983d950a0ba4471b3d60bb9c5e0dd7,https://chzzk.naver.com/live/a9983d950a0ba4471b3d60bb9c5e0dd7,19694,"로스트아크,PUBG: 배틀그라운드,마인크래프트",true,true,1599,608,242,142.5,123,86,3078.4,131,10k-20k
찌모찌모햄,049a2d8aca5ec24e667ec70049780f4e,https://chzzk.naver.com/live/049a2d8aca5ec24e667ec70049780f4e,19614,"로스트아크,승리의 여신: 니케,talk",true,false,702,409,196,145,144,103.5,747,129,10k-20k
토종 아오리,81bd5b50f0c0728128442daf7db626fc,https://chzzk.naver.com/live/81bd5b50f0c0728128442daf7db626fc,19588,"음악/노래,talk,리그 오브 레전드",false,true,910,568.7,268,342.5,192,193.5,677.6,95,10k-20k
심해덤,49247f8c7b0075fa3b243c8907bca43a,https://chzzk.naver.com/live/49247f8c7b0075fa3b243c8907bca43a,19358,"친구모아 아일랜드 두근두근 라이프,초동수사 - 증언/증거 추리게임,트웰브 미닛",true,false,5529,906,340,291,234,204.5,553.1,121,10k-20k
유람 Yuram,5d68142291810fa1a2a0dfa90a688362,https://chzzk.naver.com/live/5d68142291810fa1a2a0dfa90a688362,19171,"talk,마인크래프트,음악/노래",false,true,852,572.8,373.5,343,326,302,539.9,124,10k-20k
김정민 해변킴,368ca51e82c85583e059fe669ef0f028,https://chzzk.naver.com/live/368ca51e82c85583e059fe669ef0f028,19121,"스타크래프트 : 리마스터,리그 오브 레전드,talk",true,false,16740,1851.4,88,1786.5,47,604,846.1,113,10k-20k
카토kato,57aeb13825bf7d402273ecfa936356e4,https://chzzk.naver.com/live/57aeb13825bf7d402273ecfa936356e4,18971,"talk,이환,승리의 여신: 니케",true,true,3550,1304.5,464,380,292.5,276,1163.9,118,10k-20k
애 타,d6cec68f616f5926a0a5f6cea2bbe731,https://chzzk.naver.com/live/d6cec68f616f5926a0a5f6cea2bbe731,18889,"성세천하: 여제의 탄생 Ⅱ,talk,음악/노래",true,true,1977,1024,478,506.5,358.5,371.5,1144.4,102,10k-20k
야토 Yato,e87999abca4fd0c3214e05ef414ce951,https://chzzk.naver.com/live/e87999abca4fd0c3214e05ef414ce951,18883,"talk,명조:워더링 웨이브,친구모아 아일랜드 두근두근 라이프",false,true,1712,671.7,262,209,185.5,163,954.3,140,10k-20k
코뚱잉입니다,2d3b8f534ce263f5d9a7ddd2346b4c2f,https://chzzk.naver.com/live/2d3b8f534ce263f5d9a7ddd2346b4c2f,18790,"리그 오브 레전드,메이플스토리 월드,talk",true,false,5033,2565,498,296.5,200.9,186,2792.1,106,10k-20k
R로제타,faf9cdd37e2ce5e2af6944dbf42739a9,https://chzzk.naver.com/live/faf9cdd37e2ce5e2af6944dbf42739a9,18657,"talk,트릭컬 리바이브,용과 같이: 극",false,true,1612,775.1,468,413,234.5,196,2543.4,120,10k-20k
도로시 dorothy,66f34bf45e8bcba4e1b486466e837733,https://chzzk.naver.com/live/66f34bf45e8bcba4e1b486466e837733,17762,"발로란트,에이펙스 레전드,언젠가는 도착해",false,true,533,422.2,170.5,204,120.5,130.5,673.3,116,10k-20k
두뭉,6f1ae352c78027acf1bd92589fc44128,https://chzzk.naver.com/live/6f1ae352c78027acf1bd92589fc44128,17402,"talk,하츠 오브 아이언 4,이터널 리턴",false,true,3906,868.3,178,158.5,118,78.5,735.3,135,10k-20k
성우 김가령입니다,314fd8aa23dccfedf21bcc00cd6df9ec,https://chzzk.naver.com/live/314fd8aa23dccfedf21bcc00cd6df9ec,17136,"명조:워더링 웨이브,원신,트릭컬 리바이브",false,true,2883,957.3,424,459.5,252,217,1250.2,104,10k-20k
배비꼬,361eea6eaa690bcfe8004fd6ade7dda7,https://chzzk.naver.com/live/361eea6eaa690bcfe8004fd6ade7dda7,17008,"2026 FIFA 북중미 월드컵,talk,프로젝트 좀보이드",false,true,1225,955,266,133.5,121,99,3754.9,125,10k-20k
미니멜로,e4b12ad6a22d3e8d1dd8a79522cca667,https://chzzk.naver.com/live/e4b12ad6a22d3e8d1dd8a79522cca667,16718,"명조:워더링 웨이브,talk,원신",false,true,3399,1253,399,381.5,216,185.5,2958.7,141,10k-20k
키유 Kiyuu,a3ceb9179d99be8d1e63b3e911fcd16b,https://chzzk.naver.com/live/a3ceb9179d99be8d1e63b3e911fcd16b,16489,"음악/노래,talk,레이튼 교수와 이상한 마을 HD",true,true,3065,1601,831,665,538.5,485.5,3437.2,122,10k-20k
오단밍,f3b204dd3fd6925835ca1848cd4b6d3c,https://chzzk.naver.com/live/f3b204dd3fd6925835ca1848cd4b6d3c,16388,"talk,마인크래프트,리그 오브 레전드",false,true,3051,1614,499,260.5,203.5,178,6038.6,140,10k-20k
김앵고,8ecadcb05be3f97875b5aa3d8ced1347,https://chzzk.naver.com/live/8ecadcb05be3f97875b5aa3d8ced1347,16250,"talk,PUBG: 배틀그라운드,포켓몬스터 하트골드",false,true,1406,1128,565,454.5,345,351,5544.6,133,10k-20k
날먹키코,2275b35a6c555959fb4a61e18a818a59,https://chzzk.naver.com/live/2275b35a6c555959fb4a61e18a818a59,16241,"talk,스타크래프트 : 리마스터",false,true,2119,441,189.5,189,128,127.5,1858.7,94,10k-20k
먼닉 Munnik,16f23f1ae8b57b026e5451b29b0b7c0d,https://chzzk.naver.com/live/16f23f1ae8b57b026e5451b29b0b7c0d,16037,"하츠 오브 아이언 4,아노 1800,빅토리아 3",true,false,1039,674,347,285,225,242,2438.8,117,10k-20k
허니츄러스,c0d9723cbb75dc223c6aa8a9d4f56002,https://chzzk.naver.com/live/c0d9723cbb75dc223c6aa8a9d4f56002,132006,"스타크래프트 : 리마스터,talk,FC온라인",false,true,8976,6200.2,2704,3055,1898,1579,1059.2,123,50k+
양아지,3e825479d71ead63b76de0d6f6b5dc83,https://chzzk.naver.com/live/3e825479d71ead63b76de0d6f6b5dc83,128854,"talk,명조:워더링 웨이브,오버워치",false,true,5786,3262.2,951,931,695,668,824.8,133,50k+
임나은,0de024a1ca4a64f1a23a95ff9eeee5a5,https://chzzk.naver.com/live/0de024a1ca4a64f1a23a95ff9eeee5a5,128772,"발로란트,명조:워더링 웨이브,talk",true,true,3882,1657,618,933,382,525.5,968,133,50k+
나나양,80b36a0ae8e887e893ce0014dbfece4a,https://chzzk.naver.com/live/80b36a0ae8e887e893ce0014dbfece4a,126894,"서브노티카 2,PUBG: 배틀그라운드,종합 게임",true,false,6323,3289.1,1889.5,2110,1379.5,1516.5,1107.4,140,50k+
강소연,dc7fb0d085cfbbe90e11836e3b85b784,https://chzzk.naver.com/live/dc7fb0d085cfbbe90e11836e3b85b784,123150,"리그 오브 레전드,붉은사막,이터널 리턴",true,false,9216,6755,3329,2942.5,1998,2068,3083.6,131,50k+
포셔,f39c3d74e33a81ab3080356b91bb8de5,https://chzzk.naver.com/live/f39c3d74e33a81ab3080356b91bb8de5,122707,"메이플스토리 월드,아이온2,로스트아크",true,false,31460,14710,3777,1080,964,750.5,9169.2,143,50k+
플레임,8b3e8e3a13201cff0836c69cfab62f45,https://chzzk.naver.com/live/8b3e8e3a13201cff0836c69cfab62f45,120838,"리그 오브 레전드,스타크래프트 : 리마스터,talk",true,false,34175,10592.3,1523,1741,774,1012,3611.8,139,50k+
소풍왔니,089185efc29a8fbe14ea294dc85f9661,https://chzzk.naver.com/live/089185efc29a8fbe14ea294dc85f9661,117172,"talk,스타크래프트 : 리마스터,FC온라인",true,false,13836,4840.1,1761.5,1790,1203,1207.5,1029,134,50k+
빅헤드,ca1850b2eceb7f86146695fd9bb9cefc,https://chzzk.naver.com/live/ca1850b2eceb7f86146695fd9bb9cefc,111903,"종합 게임,이스케이프 프롬 타르코프,마인크래프트",true,false,5230,3539,1941,2509.5,1428.5,1652.5,1227.3,148,50k+
실프,d6fc3283fe0938bca8d65093e4c2bb94,https://chzzk.naver.com/live/d6fc3283fe0938bca8d65093e4c2bb94,111638,"발로란트,마인크래프트,서브노티카 2",true,false,4014,2029.2,1200.5,1177.5,835,923,1066.6,120,50k+
김도의 취미방송,17aa057a8248b53affe30512a91481f5,https://chzzk.naver.com/live/17aa057a8248b53affe30512a91481f5,110760,"라이브러리 오브 루이나,림버스 컴퍼니,종합 게임",true,false,9947,6539.4,4046,4236.5,3212,3410.5,986,137,50k+
멋사,29f20622463916fa48ad735057b145ce,https://chzzk.naver.com/live/29f20622463916fa48ad735057b145ce,108643,"마인크래프트,리그 오브 레전드,이스케이프 프롬 타르코프",true,false,9231,3856.3,1508,2154,990.5,1286.5,1159.6,144,50k+
백곰파,20ef78f064ebfd8dd4f7ec8a3a222fd2,https://chzzk.naver.com/live/20ef78f064ebfd8dd4f7ec8a3a222fd2,107334,"PUBG: 배틀그라운드,talk,명일방주: 엔드필드",true,true,12459,3664,1036,717,494,459.5,3706.9,131,50k+
남봉,ac6a03808bffbe58b3bfb0e25271836e,https://chzzk.naver.com/live/ac6a03808bffbe58b3bfb0e25271836e,106673,"마인크래프트,명조:워더링 웨이브,talk",true,false,13739,5130.5,1617.5,876.5,1057.5,599,815.7,104,50k+
이초홍,ed21d36a44d1956520189a784afc27ed,https://chzzk.naver.com/live/ed21d36a44d1956520189a784afc27ed,98538,"명조:워더링 웨이브,메이플스토리 월드,붕괴: 스타레일",false,true,5442,2309.3,445,1428.5,292,815.5,712.2,112,50k+
금사향,5f800579267362c952f76f3c6fe695b2,https://chzzk.naver.com/live/5f800579267362c952f76f3c6fe695b2,98477,"talk,연운,서브노티카 2",false,true,3695,2645.9,1381,1102.5,814,782.5,3316.8,115,50k+
달콤레나 씨,a67b328bcc8eea4451ccfa754bc19ae1,https://chzzk.naver.com/live/a67b328bcc8eea4451ccfa754bc19ae1,94689,"스타크래프트 : 리마스터,talk,FC온라인",false,true,9925,4546.8,2648,3528.5,1854,2042.5,1126.9,143,50k+
고차비,93fe884808459fb4e4a3c7d64f0eef03,https://chzzk.naver.com/live/93fe884808459fb4e4a3c7d64f0eef03,94417,"이스케이프 프롬 타르코프,talk,마인크래프트",false,true,5431,2809.8,1191,1235.5,743.5,852,7250.7,148,50k+
아리사,4de764d9dad3b25602284be6db3ac647,https://chzzk.naver.com/live/4de764d9dad3b25602284be6db3ac647,92752,"프로젝트 좀보이드,스타크래프트 : 리마스터,talk",true,true,12994,8995.2,4946,6383,3674,4052,1557.5,145,50k+
너불,af3323d30e11ae42c39d7203c7e07fa2,https://chzzk.naver.com/live/af3323d30e11ae42c39d7203c7e07fa2,92681,"talk,이스케이프 프롬 타르코프,마인크래프트",true,false,3904,2828.5,1353,1652,970.5,1067.5,1100,136,50k+
삐부,5f44570b82fb82d4814ef9502cf6401a,https://chzzk.naver.com/live/5f44570b82fb82d4814ef9502cf6401a,92204,"talk,리그 오브 레전드,이환",false,true,3450,2676,965,683,330,445.5,4467.9,141,50k+
채현찌,0e604eba7206f04b1e5f15e0a1cb2616,https://chzzk.naver.com/live/0e604eba7206f04b1e5f15e0a1cb2616,90424,"talk,스타크래프트 : 리마스터,리그 오브 레전드",true,false,6469,2648.6,1039,2108,687.5,971,1011.6,142,50k+
모치즈키 카에데,4885cc52d10d534564057267b8e380be,https://chzzk.naver.com/live/4885cc52d10d534564057267b8e380be,40933,"talk,프로젝트 좀보이드,오베이 더 보이스",false,true,2125,770,493.5,542,376,460,859.6,132,20k-50k
과로사1,bc2dbff369307b5c446224cce192c8b1,https://chzzk.naver.com/live/bc2dbff369307b5c446224cce192c8b1,40671,"명조:워더링 웨이브,폴아웃 4,talk",true,false,7149,4104.1,707,344,297,226.5,4906.5,135,20k-50k
반님l,3a2d2f4e9132d822423f6aa879e598c5,https://chzzk.naver.com/live/3a2d2f4e9132d822423f6aa879e598c5,40486,"림버스 컴퍼니,던전앤파이터,talk",true,false,2064,1562,393.5,145.5,146,90,2884.8,122,20k-50k
날카로운 도적 선바,7b6be23ce92b40382a12420ac78f0e6d,https://chzzk.naver.com/live/7b6be23ce92b40382a12420ac78f0e6d,40183,"철권 8,성세천하: 여제의 탄생 Ⅱ,프래그마타",true,false,2852,2007.2,1000,1909,685,1196.5,2610.5,115,20k-50k
엘시v,6ccaebc2569f62344c6fc257f8f2b9ad,https://chzzk.naver.com/live/6ccaebc2569f62344c6fc257f8f2b9ad,39423,"talk,FC온라인,음악/노래",false,true,15428,3620.3,1447,1869,1010.5,1332,987.2,128,20k-50k
쿠레나이 나츠키,a54372e8197f6d241a43a318279860d6,https://chzzk.naver.com/live/a54372e8197f6d241a43a318279860d6,38992,"talk,스타크래프트 : 리마스터,음악/노래",true,true,3191,2674,977,472,493,336.5,4331.5,141,20k-50k
후추,2d4aa2f79b0a397d032c479ef1b37a67,https://chzzk.naver.com/live/2d4aa2f79b0a397d032c479ef1b37a67,38772,"리그 오브 레전드,PUBG: 배틀그라운드,마인크래프트",true,false,619,380.8,56,100,29,26.5,806.5,109,20k-50k
램램1,5fa7a876b66aca4903d1697582df124d,https://chzzk.naver.com/live/5fa7a876b66aca4903d1697582df124d,38716,"데드 바이 데이라이트,talk,종합 게임",false,true,2277,1817.6,1040,1237,676,879.5,3416.3,149,20k-50k
ㅇ연이ㅇ,75b643e50481d4ec373f77b58a41746f,https://chzzk.naver.com/live/75b643e50481d4ec373f77b58a41746f,38672,"talk,오버워치,종합 게임",false,true,1408,739.8,389,353.5,305.5,276,420.9,114,20k-50k
유세라,9199eb6eb3dea874f47bbb35bd1dfee2,https://chzzk.naver.com/live/9199eb6eb3dea874f47bbb35bd1dfee2,38213,"이터널 리턴,talk,리그 오브 레전드",false,true,6244,3902,861,747.5,428.5,509.5,4584.1,134,20k-50k
통깡이,1567d9b28732044e1c91f6b4c19c1e0d,https://chzzk.naver.com/live/1567d9b28732044e1c91f6b4c19c1e0d,37439,"talk,초자연 작전팀",false,true,1987,909.2,538,481,411,384,819.2,125,20k-50k
정령왕임,a9b3377345a2a37e68a6072ba5e77fec,https://chzzk.naver.com/live/a9b3377345a2a37e68a6072ba5e77fec,37067,"전략적 팀 전투 : 우주의 신들,리그 오브 레전드,talk",true,false,9738,4289.2,2045,1414.5,1176,960,4459.3,145,20k-50k
독케익,b68af124ae2f1743a1dcbf5e2ab41e0b,https://chzzk.naver.com/live/b68af124ae2f1743a1dcbf5e2ab41e0b,36621,"리그 오브 레전드,007 퍼스트 라이트,마인크래프트",true,false,6748,2014,1409,1503,1085,1079.5,1236.6,121,20k-50k
잭,819204d0fc2db01ae640c2e7d599ee9b,https://chzzk.naver.com/live/819204d0fc2db01ae640c2e7d599ee9b,36420,"talk,마인크래프트,이터널 리턴",false,true,1018,548.8,300.5,260.5,244.5,201,399.7,120,20k-50k
하시요 HaSiyo,b33c957eac9335d38e4043c3dca97675,https://chzzk.naver.com/live/b33c957eac9335d38e4043c3dca97675,36355,"talk,더 게임 오브 시시포스,종합 게임",false,true,5482,2598,920,618,616.5,491.5,2500.8,130,20k-50k
츠밍,f638e750b76165c23e4f1530c166df1a,https://chzzk.naver.com/live/f638e750b76165c23e4f1530c166df1a,36297,"talk,PUBG: 배틀그라운드,이터널 리턴",false,true,1097,901,420,313,242,230.5,4793.7,141,20k-50k
유우양,35382c3e4fcb9ffccb4cb97d3bddabcf,https://chzzk.naver.com/live/35382c3e4fcb9ffccb4cb97d3bddabcf,35619,"이스케이프 프롬 타르코프,리그 오브 레전드,PUBG: 배틀그라운드",false,true,696,444,174,182,117,122,910.9,131,20k-50k
남궁혁,2cc562e9370970d567c1a25c5c7d0e77,https://chzzk.naver.com/live/2cc562e9370970d567c1a25c5c7d0e77,35165,"talk,성세천하: 여제의 탄생 Ⅱ,매지컬 프린세스",true,true,17962,12213.4,654,527.5,482,450,1785.7,114,20k-50k
이무지,2564aae6bb474dd58c22023afa4cbe72,https://chzzk.naver.com/live/2564aae6bb474dd58c22023afa4cbe72,35023,"talk,발로란트,명조:워더링 웨이브",false,true,11527,531,263,332.5,161.5,235.5,800.5,140,20k-50k
HeavyRainy,aef0c98592271de9ec4906eca2987e05,https://chzzk.naver.com/live/aef0c98592271de9ec4906eca2987e05,34083,"HITMAN 암살자의 세계,코어 키퍼,철권 8",false,true,634,416,250,154,126,118,4459,139,20k-50k
정소림 sorimcaster,666a784d1047c8d3ecc7bfb3e63ea3b4,https://chzzk.naver.com/live/666a784d1047c8d3ecc7bfb3e63ea3b4,33110,"승리의 여신: 니케,로스트아크,명조:워더링 웨이브",true,false,11644,2082,423,144,156,98.5,3347.9,122,20k-50k
나는 만타,e0ccb72f0412d306b20847c94a2824d3,https://chzzk.naver.com/live/e0ccb72f0412d306b20847c94a2824d3,15845,"talk,발로란트,마인크래프트",true,false,6307,807.8,194.5,133.5,154.5,94,461.6,114,10k-20k
아무탈,0a07375b21a52bd69ff087fa5cc60f0d,https://chzzk.naver.com/live/0a07375b21a52bd69ff087fa5cc60f0d,15759,"talk,림버스 컴퍼니,멧챠 카멜레온",false,true,1255,349.5,135,137,95.5,99,795.3,138,10k-20k
감군장입니다,ba1469a50bdc7f420d775f43f29b1414,https://chzzk.naver.com/live/ba1469a50bdc7f420d775f43f29b1414,15544,"림버스 컴퍼니,talk,명조:워더링 웨이브",true,true,1845,798.7,270.5,178,152.5,129.5,830.9,124,10k-20k
텔론,a213532964452f5609e0992716ccfe5a,https://chzzk.naver.com/live/a213532964452f5609e0992716ccfe5a,15536,"리그 오브 레전드,메이플스토리 월드,냥코 대전쟁",true,false,290,84,53,65.5,36,42,747.7,134,10k-20k
안모리,b71f5c1bd7d91b536af7289115ab17fc,https://chzzk.naver.com/live/b71f5c1bd7d91b536af7289115ab17fc,15379,"포켓몬 챔피언스,포켓몬스터 소드 · 실드,talk",true,false,3206,545.2,220,170,185,135.5,331.3,95,10k-20k
푸린,75bd327f6ba6f57106c79fe3f2c3d19f,https://chzzk.naver.com/live/75bd327f6ba6f57106c79fe3f2c3d19f,88627,"리그 오브 레전드,PUBG: 배틀그라운드,서브노티카 2",true,false,5313,2937,898,668,467,519,4800.9,145,50k+
둥그레,1b0561f3051c10a24b9d8ec9a6cb3374,https://chzzk.naver.com/live/1b0561f3051c10a24b9d8ec9a6cb3374,87337,"talk,리그 오브 레전드,스타크래프트 : 리마스터",false,true,11309,5888.1,2063.5,1860,1387.5,1388.5,1149.5,128,50k+
조강현 그리고 스틸로,e9c11510c1c6097a20b92ebcb289b26a,https://chzzk.naver.com/live/e9c11510c1c6097a20b92ebcb289b26a,84673,"메이플스토리 월드,메이플스토리,talk",true,false,7024,5913.6,3435,1941,2005,1486.5,3965.9,118,50k+
이오몽,d2fb83a5db130bf4d273c981b82ca41f,https://chzzk.naver.com/live/d2fb83a5db130bf4d273c981b82ca41f,82859,"talk,서브노티카 2,멧챠 카멜레온",false,true,10758,3495.1,1613,1432,1121,1031,521.7,95,50k+
모카형,affa78deac0b23d2046b8ed4856c1e62,https://chzzk.naver.com/live/affa78deac0b23d2046b8ed4856c1e62,80614,"talk,서브노티카 2,마인크래프트",false,true,3615,1932.8,1057.5,990.5,860,812.5,1241.2,144,50k+
서넹,5777797bab18388e7044ed7bac3c56c8,https://chzzk.naver.com/live/5777797bab18388e7044ed7bac3c56c8,78296,"명조:워더링 웨이브,오버워치,리그 오브 레전드",true,false,4169,3224.8,970.5,613.5,523,476,4755.5,136,50k+
라디유,68f895c59a1043bc5019b5e08c83a5c5,https://chzzk.naver.com/live/68f895c59a1043bc5019b5e08c83a5c5,78179,"트릭컬 리바이브,2026 FIFA 북중미 월드컵",false,true,1468,1212.6,816,748,497,396,1377.4,110,50k+
망내,bd07973b6021d72512240c01a386d5c9,https://chzzk.naver.com/live/bd07973b6021d72512240c01a386d5c9,74691,"talk,림버스 컴퍼니,스타크래프트 : 리마스터",false,true,10871,3253,1548,1373,1003,928.5,772.8,123,50k+
고수달,1343a0e30ff0acb09f2477a698d070a4,https://chzzk.naver.com/live/1343a0e30ff0acb09f2477a698d070a4,74374,"리그 오브 레전드,메이플스토리 월드,마인크래프트",true,false,10176,3574.2,1139,820,773,556.5,3033.8,136,50k+
철면수심,c892177b4d613127d8c587e9da11d384,https://chzzk.naver.com/live/c892177b4d613127d8c587e9da11d384,73648,"리그 오브 레전드,하스스톤,talk",true,false,2702,1304.1,723,660,455,502.5,975,139,50k+
플러리,fe558c6d1b8ef3206ac0bc0419f3f564,https://chzzk.naver.com/live/fe558c6d1b8ef3206ac0bc0419f3f564,72675,"하스스톤,메이플스토리 월드,리그 오브 레전드",true,false,2723,1290.9,691,742.5,427,264.5,806.4,135,50k+
이도원,9186c4b8304a448878c86395355f0a75,https://chzzk.naver.com/live/9186c4b8304a448878c86395355f0a75,70395,종합 게임,true,false,4593,2136.4,1274.5,1289.5,1010.5,1110,421.8,70,50k+
부쿠키,f2fd35b4bce38e375cd77b6a6904b4a4,https://chzzk.naver.com/live/f2fd35b4bce38e375cd77b6a6904b4a4,69631,"talk,음악/노래,GTFO",false,true,3735,1514.5,695,732,538,568,764.8,124,50k+
쉐리,b8263cd74372864eacb2d5bd16551882,https://chzzk.naver.com/live/b8263cd74372864eacb2d5bd16551882,68978,"패스 오브 엑자일 2,2026 FIFA 북중미 월드컵,talk",true,false,8960,5025,1909.5,1612.5,1094,1327.5,3971.2,130,50k+
뇨롱이,c65ca7335aaeb2ca0c985078223017c0,https://chzzk.naver.com/live/c65ca7335aaeb2ca0c985078223017c0,68589,"talk,스타크래프트 : 리마스터,메이플스토리",true,true,6005,3424,1854,1380.5,939,1020.5,3999.3,125,50k+
헤징,21a0de8b586c517181d76f183272de57,https://chzzk.naver.com/live/21a0de8b586c517181d76f183272de57,68359,"리그 오브 레전드,talk,승리의 여신: 니케",false,true,5431,1476.2,637.5,605,428,409,1051.4,124,50k+
소우릎,fc00d47a77ed2d1156cd5997eba30310,https://chzzk.naver.com/live/fc00d47a77ed2d1156cd5997eba30310,68288,"리그 오브 레전드,이스케이프 프롬 타르코프,talk",true,false,12620,5696,2371,1063,1081,746,6521.7,141,50k+
캡틴잭,74f9f433dd8866bf69f6c930a64d06a8,https://chzzk.naver.com/live/74f9f433dd8866bf69f6c930a64d06a8,68281,"로스트아크,리그 오브 레전드,히어로즈 오브 더 스톰",true,false,19200,10362.6,1289,416.5,430,263,4965.8,129,50k+
이 다,0076a519f147ee9fd0959bf02f9571ca,https://chzzk.naver.com/live/0076a519f147ee9fd0959bf02f9571ca,67799,"로스트아크,PUBG: 배틀그라운드,2026 FIFA 북중미 월드컵",true,false,8737,3269.5,1648,1092,1170,688.5,1312.7,138,50k+
아카캉 Akang,5b16ddd2a88d50b746affdfaa1e50ab0,https://chzzk.naver.com/live/5b16ddd2a88d50b746affdfaa1e50ab0,67665,"talk,명조:워더링 웨이브,리그 오브 레전드",false,true,5338,2548.3,1581.5,1915,1151,850,690.3,104,50k+
마레 플로스,4ebef1eb4194611996dc38abf1d226d1,https://chzzk.naver.com/live/4ebef1eb4194611996dc38abf1d226d1,66559,"talk,명조:워더링 웨이브,붕괴: 스타레일",false,true,11378,2926,1215,623,558.5,470,4015.7,128,50k+
향아치,f3f7af23c948938651fd244014ff1204,https://chzzk.naver.com/live/f3f7af23c948938651fd244014ff1204,65302,"talk,성세천하: 여제의 탄생 Ⅱ,빅토리아 3",false,true,13596,1725.2,667.5,568.5,520.5,501.5,1123.8,122,50k+
꽃핀,a86031fdfeb1b223ad1172cf6ba4b94e,https://chzzk.naver.com/live/a86031fdfeb1b223ad1172cf6ba4b94e,64909,"talk,승리의 여신: 니케,명일방주: 엔드필드",true,true,2102,1234.2,471,447.5,350,345.5,873,129,50k+
네클릿,dff5fc9706f8260682ce6eb93acaad64,https://chzzk.naver.com/live/dff5fc9706f8260682ce6eb93acaad64,63212,"리그 오브 레전드,스타크래프트 : 리마스터,talk",true,false,52767,7902.5,1003,558,422.9,420.5,1657.1,112,50k+
새싹 Saessack,2417b47685106ec21b79c8803b7f1ecf,https://chzzk.naver.com/live/2417b47685106ec21b79c8803b7f1ecf,32447,"마인크래프트,talk,명조:워더링 웨이브",true,true,2295,648.2,257,164.5,150,122.5,776.5,116,20k-50k
해블린,e14259667937be6e561d28ab156718be,https://chzzk.naver.com/live/e14259667937be6e561d28ab156718be,32308,"talk,리그 오브 레전드,명조:워더링 웨이브",false,true,6147,2391,1365,947.5,579,553.5,6122.6,139,20k-50k
아야 AYA,0eba448275bccb294ceb88ddeb90f800,https://chzzk.naver.com/live/0eba448275bccb294ceb88ddeb90f800,31345,"talk,PUBG: 배틀그라운드,종합 게임",false,true,2498,1067,385,177.5,169.5,131.5,4080.6,136,20k-50k
하우카우uuu,a9b2d7249243fc9edbb2dada5623cb8e,https://chzzk.naver.com/live/a9b2d7249243fc9edbb2dada5623cb8e,31156,"talk,마인크래프트,VR챗",false,true,1110,722.6,438,317.5,228.5,203.5,4397.5,150,20k-50k
연 리,f3228c570a0b3b1f0f8306e3479ea46b,https://chzzk.naver.com/live/f3228c570a0b3b1f0f8306e3479ea46b,31098,"talk,마인크래프트,스페이스 헤이븐",false,true,2255,1398.3,697,340,339,261,6000.3,143,20k-50k
스나랑,b5da9cbcab300065236b4309ecaf19b7,https://chzzk.naver.com/live/b5da9cbcab300065236b4309ecaf19b7,62381,"리그 오브 레전드,PUBG: 배틀그라운드,talk",true,true,3413,1342.4,158,544,99,247,921.2,137,50k+
디디디용,798e100206987b59805cfb75f927e965,https://chzzk.naver.com/live/798e100206987b59805cfb75f927e965,60988,"talk,음악/노래,포켓몬스터 하트골드",false,true,4075,2783.3,1397,1424.5,984,1041.5,852.4,127,50k+
덕 개,27d40a129cc99e8dcddb0be21ed9a050,https://chzzk.naver.com/live/27d40a129cc99e8dcddb0be21ed9a050,60367,"마인크래프트,친구모아 아일랜드 두근두근 라이프,talk",true,false,1153,1097.6,495,585,362.1,430,408.1,80,50k+
엘리,475313e6c26639d5763628313b4c130e,https://chzzk.naver.com/live/475313e6c26639d5763628313b4c130e,59197,"talk,명조:워더링 웨이브,스타크래프트 : 리마스터",false,true,13440,5653,2066,1286.5,862,777,4217.4,136,50k+
배돈,554e99695decc451d57788b1fd5d5c07,https://chzzk.naver.com/live/554e99695decc451d57788b1fd5d5c07,58736,"파이널판타지14,명조:워더링 웨이브,천하제일상거상",true,false,3360,2323.2,1243,667.5,659,494,6417,149,50k+
모라라,6bd0bb97d31365e7834d8113bb01d889,https://chzzk.naver.com/live/6bd0bb97d31365e7834d8113bb01d889,58712,"talk,스타크래프트 : 리마스터,데드 바이 데이라이트",false,true,17307,2391,921,1466,561,946.5,1477.9,149,50k+
연비니,371259eaf5ec1635b4807b612272f431,https://chzzk.naver.com/live/371259eaf5ec1635b4807b612272f431,57147,"talk,승리의 여신: 니케,이환",false,true,2945,1654.2,512,423.5,285,272.5,2465,135,50k+
계춘회,a9a343510e132ea3026ff3cf682820b5,https://chzzk.naver.com/live/a9a343510e132ea3026ff3cf682820b5,55415,"talk,레이튼 교수와 이상한 마을 HD,007 퍼스트 라이트",false,true,12768,3663,1921,1382,1120,1054.5,6227.2,140,50k+
미녕이데려오깨,c7d3b49d29be2d2b1d74ba8403f5851a,https://chzzk.naver.com/live/c7d3b49d29be2d2b1d74ba8403f5851a,55145,"talk,승리의 여신: 니케,바이오하자드 빌리지",false,true,14360,5465.1,1875,1316.5,1339,952.5,497.5,100,50k+
이글콥,eaf7b569c9992d0e57db0059eb5c0eeb,https://chzzk.naver.com/live/eaf7b569c9992d0e57db0059eb5c0eeb,54019,"2026 FIFA 북중미 월드컵,talk,축구",false,true,14026,8624.9,1914,620,683,431,5178.9,139,50k+
승우아빠,4d39d99252f247f06de349ccc0d444a7,https://chzzk.naver.com/live/4d39d99252f247f06de349ccc0d444a7,54012,"먹방/쿡방,명조:워더링 웨이브,리그 오브 레전드",true,false,15140,3580.6,381.5,721,184.5,210.5,752.5,110,50k+
카린,32fb866e323242b770cdc790f991a6f6,https://chzzk.naver.com/live/32fb866e323242b770cdc790f991a6f6,53621,"talk,FC온라인,스타크래프트 : 리마스터",false,true,8384,5387,2020,1402.5,1008,860.5,4195,134,50k+
유후의피아노래,b7c64050b347983bb63f58def10e09c7,https://chzzk.naver.com/live/b7c64050b347983bb63f58def10e09c7,53490,"talk,오버워치,음악/노래",true,false,956,538,313,279,203,221,2234.7,127,50k+
이로나묭 치카,ec30975bd41d3179fe7734ddbf760acb,https://chzzk.naver.com/live/ec30975bd41d3179fe7734ddbf760acb,52940,"이스케이프 프롬 타르코프,이터널 리턴,talk",true,true,1667,1272,652,676.5,448,433.5,1353.6,141,50k+
빙하유,a048127622edd6c3ee8e477471a1d823,https://chzzk.naver.com/live/a048127622edd6c3ee8e477471a1d823,52934,"talk,림버스 컴퍼니,명조:워더링 웨이브",false,true,2360,2019.6,647,621.5,473,420,738.8,123,50k+
인섹,47c49bff55111a6cfd30bb299e9d2e5d,https://chzzk.naver.com/live/47c49bff55111a6cfd30bb299e9d2e5d,51065,"리그 오브 레전드,전략적 팀 전투 : 우주의 신들,던전앤파이터",true,false,3982,2236.5,1393,1432,947,1037,1132.4,131,50k+
테리 눈나,0a2020b09b8cc7f2285b7ae5de2ce4d3,https://chzzk.naver.com/live/0a2020b09b8cc7f2285b7ae5de2ce4d3,51007,"talk,마인크래프트,승리의 여신: 니케",false,true,2097,1269.2,496,396.5,369.5,241,627.2,130,50k+
아야 AyaUke,abe8aa82baf3d3ef54ad8468ee73e7fc,https://chzzk.naver.com/live/abe8aa82baf3d3ef54ad8468ee73e7fc,50212,"음악/노래,talk,리그 오브 레전드",true,true,7908,2201.2,1114,1548,746,994,853.9,133,50k+
티뭉,26253bf7ed6b95832c40f4f43f6d049d,https://chzzk.naver.com/live/26253bf7ed6b95832c40f4f43f6d049d,30676,"talk,음악/노래,리그 오브 레전드",true,true,2716,1957.4,885.5,806.5,670,656.5,563.9,108,20k-50k
만디 2,5e4ef081ec96bdca5a4989554864bb05,https://chzzk.naver.com/live/5e4ef081ec96bdca5a4989554864bb05,29596,"talk,종합 게임,음악/노래",false,true,1024,659,291,183.5,158,151.5,2048.7,122,20k-50k
오리고기 ORIGOGI,fd9d35299c6816ad7c7fc6867cc7c195,https://chzzk.naver.com/live/fd9d35299c6816ad7c7fc6867cc7c195,29474,talk,false,true,4522,3181,1764,1553,1184,1079.5,251.8,61,20k-50k
고뇨,e952631cf676815f96c230001d9df3c1,https://chzzk.naver.com/live/e952631cf676815f96c230001d9df3c1,29461,"승리의 여신: 니케,talk,명조:워더링 웨이브",true,false,8484,2351,614,887,395,380,821.5,141,20k-50k
자동,84be298681c287441d614db925803c4d,https://chzzk.naver.com/live/84be298681c287441d614db925803c4d,29076,"이스케이프 프롬 타르코프,서브노티카 2,포르자 호라이즌 6",true,false,2781,2460.8,1644,2110,1006,1584,3526,114,20k-50k
레니아워 RenieHouR,0f4d9f20aa461c5da5c68e4e65d35ff9,https://chzzk.naver.com/live/0f4d9f20aa461c5da5c68e4e65d35ff9,28759,"하스스톤,스타크래프트 : 리마스터,디아블로 4: 증오의 군주",true,false,1661,1241.6,569,707.5,381.5,386.5,598.6,120,20k-50k
도롱챠,539ddad723de57dcbff8b11f27877a90,https://chzzk.naver.com/live/539ddad723de57dcbff8b11f27877a90,28351,"talk,음악/노래",false,true,311,267,183,162.5,147,127.5,282.3,121,20k-50k
포키쨩,c8adce2ff4a3618931e07c327e1fa070,https://chzzk.naver.com/live/c8adce2ff4a3618931e07c327e1fa070,28214,"먹방/쿡방,스타크래프트 : 리마스터,talk",true,true,2771,1402.3,492,521,233,228,4661.1,147,20k-50k
냐 미 Nyami,afff6e3cc8c1487bc4135bc896811dcc,https://chzzk.naver.com/live/afff6e3cc8c1487bc4135bc896811dcc,28170,"talk,명조:워더링 웨이브,007 퍼스트 라이트",false,true,938,343.8,171,254.5,132,170.5,756.6,137,20k-50k
연초봄,659d38e6a610855a8082c6f2319b4bcc,https://chzzk.naver.com/live/659d38e6a610855a8082c6f2319b4bcc,28065,"음악/노래,이터널 리턴,talk",true,false,3806,2446.8,223,221.5,147,142,395.5,59,20k-50k
불 법 스 님,c2d89cbe1704ab9003f788cc0a0a208a,https://chzzk.naver.com/live/c2d89cbe1704ab9003f788cc0a0a208a,27308,"talk,스타워즈 제다이: 서바이버,페이데이 3",false,true,946,576.4,140,115.5,111,96.5,387.9,105,20k-50k
샤메이,6d16804cf98da47ba82bd13c0c029723,https://chzzk.naver.com/live/6d16804cf98da47ba82bd13c0c029723,26710,"talk,스타크래프트 : 리마스터,명조:워더링 웨이브",false,true,2520,1116.8,333,309,238,213,765.8,129,20k-50k
방찌,fd3b54f2ce729c7a7172ed639720632d,https://chzzk.naver.com/live/fd3b54f2ce729c7a7172ed639720632d,26045,"이터널 리턴,talk,PUBG: 배틀그라운드",false,true,5171,1602.4,620,1035.5,403,642.5,1065,134,20k-50k
유봄냥,57c917f1bc650791d8ca3fec1ebcca18,https://chzzk.naver.com/live/57c917f1bc650791d8ca3fec1ebcca18,25143,"talk,마인크래프트,리그 오브 레전드",false,true,1575,989.2,376,142.5,139,103.5,5396,147,20k-50k
슈향,57482ec9b07718076a1692bc210d5fa0,https://chzzk.naver.com/live/57482ec9b07718076a1692bc210d5fa0,15185,"음악/노래,PUBG: 배틀그라운드,talk",true,true,593,422,293,244,150,168,2806.7,129,10k-20k
먀뮤뮤,0a808138cc8c96ab9756935b964c1bf7,https://chzzk.naver.com/live/0a808138cc8c96ab9756935b964c1bf7,15175,"talk,음악/노래,명조:워더링 웨이브",false,true,1435,573.4,272,278,185,198.5,1322.8,153,10k-20k
광말구짱,195e40531e373d386ef37bcfd48418e1,https://chzzk.naver.com/live/195e40531e373d386ef37bcfd48418e1,14929,"천하제일상거상,로스트아크,임진왜란:조선의 반격",true,false,1620,1103.8,325.5,827,226.5,433,4244.2,140,10k-20k
간장ㅎ,bd6e67ad873b9f96f1480547bba0f097,https://chzzk.naver.com/live/bd6e67ad873b9f96f1480547bba0f097,14776,"프로젝트 좀보이드,데스 스트랜딩,데스 스트랜딩 2: 온 더 비치",true,false,396,354.2,163,148.5,115,97,1150.3,117,10k-20k
하지유,b3f0dd09666949762e0da59210c3f403,https://chzzk.naver.com/live/b3f0dd09666949762e0da59210c3f403,14747,"talk,프로젝트 좀보이드,마인크래프트",false,true,1026,452.8,286,320,228.5,240.5,601.8,136,10k-20k
칸데르니아,bee4b42475b5937226b8b7ccbe2eb2dc,https://chzzk.naver.com/live/bee4b42475b5937226b8b7ccbe2eb2dc,24939,"talk,이환,종합 게임",false,true,2894,1573.5,1099,729.5,616,543.5,7571.2,144,20k-50k
크랭크,de27c33ee2364c4e5007867bb3b96001,https://chzzk.naver.com/live/de27c33ee2364c4e5007867bb3b96001,24810,"스타크래프트 II : 공허의 유산,스타크래프트 : 리마스터,리그 오브 레전드",true,false,11626,9385,471,420.5,174,120,4436.3,144,20k-50k
박서림 Seorim,e19e8f5605a67e7a6b165c82445dc9c6,https://chzzk.naver.com/live/e19e8f5605a67e7a6b165c82445dc9c6,24777,"승리의 여신: 니케,명조:워더링 웨이브,왕좌의 게임: 킹스로드",true,false,5179,2944,976.5,895,527,533,2696.6,112,20k-50k
아로AURO,4a3cab967a74a5020258195fc9004145,https://chzzk.naver.com/live/4a3cab967a74a5020258195fc9004145,24586,"메이플스토리 월드,talk,포켓로그",false,true,2628,591.6,249,199.5,134,114.5,2189.4,97,20k-50k
마젯,9ff4bdc7aa4f3384e84db402bc128b0c,https://chzzk.naver.com/live/9ff4bdc7aa4f3384e84db402bc128b0c,24414,"talk,리그 오브 레전드,멧챠 카멜레온",false,true,2515,1298.8,400,365,323.5,278.5,382.5,110,20k-50k
루루카 RURUKA,99b6020d619b9aac132920604cee8ca1,https://chzzk.naver.com/live/99b6020d619b9aac132920604cee8ca1,24398,"PUBG: 배틀그라운드,talk,리그 오브 레전드",true,false,5217,1038,317,410,131.5,240.5,4460.9,134,20k-50k
서애덕,643d491a022eaf3991f0576c7a2a97d4,https://chzzk.naver.com/live/643d491a022eaf3991f0576c7a2a97d4,24371,"talk,성세천하: 여제의 탄생 Ⅱ,서브노티카 2",false,true,924,743.5,354.5,454,296,284.5,723,114,20k-50k
순망,6a09c296e5e12ad5ed67e053f8cc98d5,https://chzzk.naver.com/live/6a09c296e5e12ad5ed67e053f8cc98d5,24120,"talk,로스트아크,야구",true,true,1019,728.4,265,229.5,195.7,163,774.6,128,20k-50k
세노 SEN5,fb3220c02c64d799b31e97f432afebc0,https://chzzk.naver.com/live/fb3220c02c64d799b31e97f432afebc0,24021,"talk,PUBG: 배틀그라운드,오버워치",false,true,1175,794.5,284.5,297,202.5,192,1474.1,118,20k-50k
재슥짱1,ed4ef35b61140c9fa1457d58fa90472c,https://chzzk.naver.com/live/ed4ef35b61140c9fa1457d58fa90472c,23851,"전략적 팀 전투 : 우주의 신들,리그 오브 레전드,talk",true,false,1777,537.8,283,164,129,93.5,2436.3,103,20k-50k
최케빈님,a72c9f9c3d835078b97a520dded8e6d2,https://chzzk.naver.com/live/a72c9f9c3d835078b97a520dded8e6d2,23562,"마인크래프트,talk,종합 게임",false,true,602,573.2,465,426,292,317.5,814.3,145,20k-50k
슛포러브,6162751af256f41280574191824ef08c,https://chzzk.naver.com/live/6162751af256f41280574191824ef08c,23423,"스포츠,2026 FIFA 북중미 월드컵,축구",true,false,20976,20941.8,8702.5,10887.5,5245.1,6907.5,44.8,20,20k-50k
포포포포 POPOPOPO,3e3781d3bd20dadc2f6f6d5d30091195,https://chzzk.naver.com/live/3e3781d3bd20dadc2f6f6d5d30091195,23276,"talk,겟팅 오버 잇 위드 베넷 포디,스타크래프트 : 리마스터",false,true,3069,1069.2,474,487.5,360,406.5,802.5,128,20k-50k
위도,d7c83d4ce76a835ba79e27e5e46cb3e2,https://chzzk.naver.com/live/d7c83d4ce76a835ba79e27e5e46cb3e2,23097,"talk,서브노티카 2,음악/노래",false,true,4593,4209.2,698,321,391.5,226.5,2074.9,110,20k-50k
위구리,2e15ecbee8e01f6d43dbc9ec84530431,https://chzzk.naver.com/live/2e15ecbee8e01f6d43dbc9ec84530431,22990,"PUBG: 배틀그라운드,하츠 오브 아이언 4,컴퍼니 오브 히어로즈 3",true,false,2748,1200.3,561,694,412,387.5,1174.9,143,20k-50k
비올레타 모네,5c897b3e639045ca6e314bbaff991f73,https://chzzk.naver.com/live/5c897b3e639045ca6e314bbaff991f73,22609,"승리의 여신: 니케,talk,명조:워더링 웨이브",false,true,2488,1033.8,420.5,564,303.5,397,642.9,126,20k-50k
꽃감이,b9a43182ece40ec7a98e03e406ca91b4,https://chzzk.naver.com/live/b9a43182ece40ec7a98e03e406ca91b4,22561,"발로란트,음악/노래",true,false,231,196.8,154,160.5,100,105,297.4,66,20k-50k
피아노캣 PianoCat,a5f86897b76b56aa6c94b3511a6205b4,https://chzzk.naver.com/live/a5f86897b76b56aa6c94b3511a6205b4,22205,"VR챗,이환,멧챠 카멜레온",true,false,863,676.2,161,276,110,128.5,558.7,49,20k-50k
진짜 박시윤,4e5d48497c61773a8602b1c2583d970c,https://chzzk.naver.com/live/4e5d48497c61773a8602b1c2583d970c,22199,"음악/노래,명조:워더링 웨이브,talk",true,false,8389,3737,782,610,474,479,628.4,59,20k-50k
류은유,4ca0c92e9e2295c79230cca2ae64c419,https://chzzk.naver.com/live/4ca0c92e9e2295c79230cca2ae64c419,22172,"명조:워더링 웨이브,원신,talk",true,false,1436,937.7,405,579.5,174,171.5,1923.2,104,20k-50k
채로키,a46c7bc953605de49b192a4049328274,https://chzzk.naver.com/live/a46c7bc953605de49b192a4049328274,14017,"더 게임 오브 라이프 포 닌텐도 스위치,종합 게임,talk",true,false,2974,639.2,69,66,40.5,35,472.1,56,10k-20k
양망두,b3e262a2795f17734c149afc738ad250,https://chzzk.naver.com/live/b3e262a2795f17734c149afc738ad250,13924,"talk,V 라이징,서브노티카",false,true,1006,506.4,272,172.5,138,124,4792.9,145,10k-20k
이 리 온,63368ec9081dc85e61d0e4310b7e1602,https://chzzk.naver.com/live/63368ec9081dc85e61d0e4310b7e1602,13766,"talk,이터널 리턴,발로란트",false,true,719,518.3,292,202.5,158,150,2739.2,110,10k-20k
우기잉ㅋ,4b8f70a27b7558c3176847d6e7b55a4c,https://chzzk.naver.com/live/4b8f70a27b7558c3176847d6e7b55a4c,13706,"아이온2,패스 오브 엑자일 2,talk",true,false,556,327.5,174,122,127,89.5,990.5,131,10k-20k
레아나 Reana,dcf8337aa57ed257b1c76bafbdb5c054,https://chzzk.naver.com/live/dcf8337aa57ed257b1c76bafbdb5c054,13661,"talk,서브노티카 2,마인크래프트",true,false,399,253.6,83,80.5,65,62.5,685.7,137,10k-20k
코리수,d6ca483312eb96b9323c3283eaec6516,https://chzzk.naver.com/live/d6ca483312eb96b9323c3283eaec6516,13598,"PUBG: 배틀그라운드,talk,종합 게임",true,false,216,152.8,95,78.5,70,66,1772.9,129,10k-20k
이쿠롬,9dd2a9e6d1d570a049f58a3b91dcf9d9,https://chzzk.naver.com/live/9dd2a9e6d1d570a049f58a3b91dcf9d9,13278,"talk,PUBG: 배틀그라운드,ASMR",true,false,1162,668.1,134,232,87,81,849.5,124,10k-20k
공공이삼일 00231,be0b2ac262b936232278fe755327e60a,https://chzzk.naver.com/live/be0b2ac262b936232278fe755327e60a,13022,"종합 게임,PUBG: 배틀그라운드,콜 오브 듀티 : 워존",true,false,350,267,126,186.5,90,108.5,381.7,51,10k-20k
미라클TV,e1e532568c0d2fdb93d22e5d7fda8f13,https://chzzk.naver.com/live/e1e532568c0d2fdb93d22e5d7fda8f13,13000,"PUBG: 배틀그라운드,리그 오브 레전드,오버워치",true,false,524,462,304,115.5,119,87,1073.6,77,10k-20k
마우쥐,b2854dc0735e55fa86c53bd15242d30f,https://chzzk.naver.com/live/b2854dc0735e55fa86c53bd15242d30f,12984,"talk,리그 오브 레전드,음악/노래",false,true,742,308.5,141,114.5,87,84,3836.4,146,10k-20k
연나비,88ce5e63b6b7580a111ede01190c91a5,https://chzzk.naver.com/live/88ce5e63b6b7580a111ede01190c91a5,12943,"talk,디아블로 II: 레저렉션,패스 오브 엑자일 2",true,false,548,477,186,117,137,102,513.5,111,10k-20k
유레이 UREI,4f650f02bc4ab38a998d74e3abb1b68b,https://chzzk.naver.com/live/4f650f02bc4ab38a998d74e3abb1b68b,12784,"talk,포켓몬스터 스칼렛 · 바이올렛,음악/노래",false,true,1809,504,296,252,197,165,1289.1,145,10k-20k
아오토라 유키,1e09ba347161a434e40b8245e0bf3cb3,https://chzzk.naver.com/live/1e09ba347161a434e40b8245e0bf3cb3,12737,"talk,음악/노래,명조:워더링 웨이브",false,true,5718,1595.5,460,289,345,200.5,357.6,66,10k-20k
펀즈이누 Funzinnu,7d4157ae4fddab134243704cab847f23,https://chzzk.naver.com/live/7d4157ae4fddab134243704cab847f23,12686,"종합 게임,슬레이 더 스파이어 2,뱀파이어 크롤러즈: 더 터보 와일드카드 프롬 뱀파이어 서바이버즈",true,false,561,434,193.5,140,107.5,91,2737.4,102,10k-20k
플라이96,6e00c76a7c58f7f3936346742428bb9d,https://chzzk.naver.com/live/6e00c76a7c58f7f3936346742428bb9d,12658,"이터널 리턴,리그 오브 레전드,엘든 링",true,false,1559,935,323,79,103,47.5,6020.5,136,10k-20k
저무콩,9564a99bb335d31be259d1ac695a25f0,https://chzzk.naver.com/live/9564a99bb335d31be259d1ac695a25f0,12530,"로스트아크,PUBG: 배틀그라운드,talk",true,false,559,234.9,105,102,61,59.5,1572.3,135,10k-20k
요아케노 나나시,e500ce8da6637e4b7ee255709ddb3ffe,https://chzzk.naver.com/live/e500ce8da6637e4b7ee255709ddb3ffe,12527,"음악/노래,talk",false,true,2030,706,331,167.5,173.6,111.5,1269.8,111,10k-20k
모 아,61958008140886fe1eda9910cfef5812,https://chzzk.naver.com/live/61958008140886fe1eda9910cfef5812,22023,"talk,명조:워더링 웨이브,트릭컬 리바이브",false,true,2085,922.2,295.5,347.5,215,254,681,136,20k-50k
햄쿠비,9351fb8417f73405c84e0846409e3263,https://chzzk.naver.com/live/9351fb8417f73405c84e0846409e3263,21716,"talk,포켓로그,브로테이토",false,true,3504,971.5,478,443,369,345.5,1030.2,146,20k-50k
하네ㅣHane,7b9c6553913c755812ef2cd9fbe1dc5c,https://chzzk.naver.com/live/7b9c6553913c755812ef2cd9fbe1dc5c,21509,"talk,친구모아 아일랜드 두근두근 라이프,악의",false,true,1625,507.1,218,160.5,151,114,692.5,123,20k-50k
옥쓔,0e061c23f8d4e7b5a85ba52b7e18bd5b,https://chzzk.naver.com/live/0e061c23f8d4e7b5a85ba52b7e18bd5b,21447,"명조:워더링 웨이브,talk,포켓로그",false,true,1482,748,200,125,117,88,2994.4,141,20k-50k
맹숙,61f73be23ed1d1d650ba24f268570036,https://chzzk.naver.com/live/61f73be23ed1d1d650ba24f268570036,21441,"리그 오브 레전드,talk,언더테일",false,true,4854,1880.7,642,387.5,348,283,5982.4,147,20k-50k
로마러,17a4bfff01d96ffad065f641ce90bdde,https://chzzk.naver.com/live/17a4bfff01d96ffad065f641ce90bdde,21299,"PUBG: 배틀그라운드,로스트아크,왕좌의 게임: 킹스로드",true,true,1714,780,300,180,202,120.5,1094.6,141,20k-50k
바뀐,416d86cee659cca1320eac67f0e6fc22,https://chzzk.naver.com/live/416d86cee659cca1320eac67f0e6fc22,20758,"이스케이프 프롬 타르코프,이터널 리턴,PUBG: 배틀그라운드",true,true,4389,667,109,66.5,61,47,2455.3,131,20k-50k
빵룽,a3c5623862d0d1dda383f5efbc39c6f4,https://chzzk.naver.com/live/a3c5623862d0d1dda383f5efbc39c6f4,20577,"talk,마비노기 모바일,명조:워더링 웨이브",false,true,1136,813.2,379,152.5,118,109.5,4985.7,145,20k-50k
미치르,390efc6c5186f85427b2d61297a9d4ed,https://chzzk.naver.com/live/390efc6c5186f85427b2d61297a9d4ed,20550,"림버스 컴퍼니,talk,애니메이션",true,true,890,523,187,149.5,136,115,533.7,119,20k-50k
세글자다,aca13f309223eac9b79fcc5215b6fec8,https://chzzk.naver.com/live/aca13f309223eac9b79fcc5215b6fec8,20500,"메이플스토리,메이플스토리 월드",true,false,2805,849,262,303.5,162,194.5,612.1,123,20k-50k
박도나,95a050b9250958bec51343e5ae24b8f4,https://chzzk.naver.com/live/95a050b9250958bec51343e5ae24b8f4,20280,"talk,이스케이프 프롬 타르코프,명조:워더링 웨이브",false,true,1007,577.1,266,296.5,175,189.5,322.3,84,20k-50k
이클리피아,ae5649bc33aec562576ae04b41e7367b,https://chzzk.naver.com/live/ae5649bc33aec562576ae04b41e7367b,20256,"마법소녀의 마녀재판,트릭컬 리바이브,스테퍼 케이스:초능력 추리 어드벤처",true,false,973,725.2,340,309.5,201,191,1054.7,139,20k-50k
조별하,ead28b71f3fdd5e8b52321825217a065,https://chzzk.naver.com/live/ead28b71f3fdd5e8b52321825217a065,20030,"발로란트,음악/노래,서브노티카 2",true,false,1146,521.9,318,280.5,236,222.5,873,127,20k-50k
리에 RIE,35bb4c281ee0dc968582fb6d1d5a11b6,https://chzzk.naver.com/live/35bb4c281ee0dc968582fb6d1d5a11b6,12502,ASMR,false,true,1760,1288,813,759,536.5,462.5,477.9,74,10k-20k
온앤온,51420f4078ef701b03421904ad712401,https://chzzk.naver.com/live/51420f4078ef701b03421904ad712401,12358,메이플스토리,false,true,617,504,350,251,205,186,933.5,103,10k-20k
람썬,77599c8972b39e158c95e6a526272480,https://chzzk.naver.com/live/77599c8972b39e158c95e6a526272480,12336,"천하제일상거상,서브노티카 2,리그 오브 레전드",false,true,901,481,312.5,283,201,225,2845.1,142,10k-20k
다 비,56af48b6a7e165c24873fa29671a8d45,https://chzzk.naver.com/live/56af48b6a7e165c24873fa29671a8d45,12300,"이터널 리턴,PUBG: 배틀그라운드,마인크래프트",true,true,941,278,110,127.5,78,92.5,1033,135,10k-20k
아마네 나기 Planeta,941ea3807ba8b9b7dddb1670e3e7e5af,https://chzzk.naver.com/live/941ea3807ba8b9b7dddb1670e3e7e5af,12264,"talk,슈퍼 마리오브라더스 원더,후즈 앳 더 도어",false,true,6799,6575.7,1253,788,762,641,140,23,10k-20k
근진수,e2d107d30c94e45e1ef6d2d9fe68db54,https://chzzk.naver.com/live/e2d107d30c94e45e1ef6d2d9fe68db54,12235,"승리의 여신: 니케,명조:워더링 웨이브,talk",true,false,1983,434.5,142.5,138,84,76.5,1103,140,10k-20k
키1드밀리,d2de4ffa7f22c9ca258cd62ae712bed3,https://chzzk.naver.com/live/d2de4ffa7f22c9ca258cd62ae712bed3,12100,"스텔라 블레이드,리그 오브 레전드",true,false,6127,6127,393,368.5,238,224.5,55.6,17,10k-20k
렘쨩,b2957f41893984c7caa17983d40ab10d,https://chzzk.naver.com/live/b2957f41893984c7caa17983d40ab10d,12019,"포르자 호라이즌 6,talk,007 퍼스트 라이트",true,false,131,93.7,48,35.5,25,25.5,3879.8,119,10k-20k
슈말코Sumalco,eb9d42b9ac3f5d90e0155e45c9bc7a02,https://chzzk.naver.com/live/eb9d42b9ac3f5d90e0155e45c9bc7a02,11994,"바이오하자드 RE:2,친구모아 아일랜드 두근두근 라이프",true,false,328,269.5,160.5,173.5,130.5,138.5,338.5,96,10k-20k
카네코 파냐 Planeta,5ead7124638ac4c568f2cde0224b3b6b,https://chzzk.naver.com/live/5ead7124638ac4c568f2cde0224b3b6b,11939,"talk,리듬 세상 Wii,앙빅",false,true,6815,6433.6,1319,1257,862,826,278.1,23,10k-20k
낡은창고 oldstore,f5feedab25060a675ed62f3348e625cf,https://chzzk.naver.com/live/f5feedab25060a675ed62f3348e625cf,11908,"talk,던전앤파이터,명조:워더링 웨이브",false,true,2027,445,225,174,129,137,6644.6,135,10k-20k
HERA 헤라,b14e49789bae3c00b6b4c98d60ff036d,https://chzzk.naver.com/live/b14e49789bae3c00b6b4c98d60ff036d,11900,"talk,역전재판 123 나루호도 셀렉션,명조:워더링 웨이브",true,false,2008,466,58,35,36,26.5,2063,121,10k-20k
도다람,5a091442f87b638efb3e1fbb53643e95,https://chzzk.naver.com/live/5a091442f87b638efb3e1fbb53643e95,11740,"talk,명조:워더링 웨이브,패스 오브 엑자일 2",true,false,698,618,404,376,264,271.5,4685.3,141,10k-20k
미하루 Miharu,088973112d8acc831ec20274f7ffbb99,https://chzzk.naver.com/live/088973112d8acc831ec20274f7ffbb99,11702,"명조:워더링 웨이브,talk,프래그마타",true,true,2920,1555.8,718,659,424.5,445,1394.7,94,10k-20k
희 지,0d7600fc87a6a8621d5149d12da58ef8,https://chzzk.naver.com/live/0d7600fc87a6a8621d5149d12da58ef8,11680,"talk,프로젝트 좀보이드,성세천하: 여제의 탄생 Ⅱ",false,true,614,398.2,224.5,188.5,147,132.5,830.4,128,10k-20k
로션욤,e234729686832d379d7da804517ac9d9,https://chzzk.naver.com/live/e234729686832d379d7da804517ac9d9,11671,"talk,메이플스토리 월드,하츠 오브 아이언 4",false,true,2459,304,147,141.5,108,99.5,1006.5,145,10k-20k
서랑그림,98538102121a4704260eb77e088ddaf0,https://chzzk.naver.com/live/98538102121a4704260eb77e088ddaf0,11652,"그림/아트,talk,명일방주: 엔드필드",false,true,522,400.5,319,318.5,243,256,2033.8,119,10k-20k
은가비v,b03d77e657d49ffdd77589e540763a7e,https://chzzk.naver.com/live/b03d77e657d49ffdd77589e540763a7e,11613,"로스트아크,명조:워더링 웨이브,명일방주: 엔드필드",true,false,785,373.2,93,58,47,31,770.1,127,10k-20k
니야,a8b44e07ea2e2a583aab4804f92ae0ba,https://chzzk.naver.com/live/a8b44e07ea2e2a583aab4804f92ae0ba,11549,"음악/노래,명조:워더링 웨이브,리그 오브 레전드",true,false,715,337.1,178.5,79,85.5,63.5,1949,130,10k-20k
쿠온 레이 Planeta,59aa824e4c4a56dd51e7a5e2e9172648,https://chzzk.naver.com/live/59aa824e4c4a56dd51e7a5e2e9172648,11438,"talk,이용약관에 동의하고 싶어,두근두근 문예부!",true,true,6495,5928.7,712.5,654.5,535.7,474.5,245.6,24,10k-20k
임재천,3a5c68e21e1de59efc438313f908dd6f,https://chzzk.naver.com/live/3a5c68e21e1de59efc438313f908dd6f,11309,"talk,승리의 여신: 니케,명조:워더링 웨이브",false,true,4177,2786.4,363,415.5,240.5,290.5,642.3,58,10k-20k
기령,2fe88ab2b731edd48b7b11feaedbf294,https://chzzk.naver.com/live/2fe88ab2b731edd48b7b11feaedbf294,11295,"talk,리그 오브 레전드,림버스 컴퍼니",false,true,317,186.2,80.5,111,62,85.5,1079.8,146,10k-20k
당근카렌,8e21a4713ba6372e6c5a98c3f7160824,https://chzzk.naver.com/live/8e21a4713ba6372e6c5a98c3f7160824,11280,"PUBG: 배틀그라운드,이터널 리턴,종합 게임",true,false,630,115,61,43,33.5,31.5,2899.3,124,10k-20k
시스 SYS,b07d5fab7b903866ba3eb5917527d924,https://chzzk.naver.com/live/b07d5fab7b903866ba3eb5917527d924,11257,"PUBG: 배틀그라운드,R.E.P.O.,프랫폴",true,false,1003,392.2,41,37,31,27,132.2,53,10k-20k
에투샤,ba4c9c3266590136842971ab508cdcb3,https://chzzk.naver.com/live/ba4c9c3266590136842971ab508cdcb3,11120,"종합 게임,talk",true,false,437,306.7,224,230.5,151.5,157.5,577.1,124,10k-20k
판자집강아지,37569f91da7035d9f33c2f73d23d7255,https://chzzk.naver.com/live/37569f91da7035d9f33c2f73d23d7255,10948,"종합 게임,던전 세틀러즈 : 시드 에디션,Once Human",true,false,270,174.1,116,95.5,85.5,73,910.6,132,10k-20k
뭉냥이,24c568cc7d041b079a3ed7c735c2eab0,https://chzzk.naver.com/live/24c568cc7d041b079a3ed7c735c2eab0,10906,"talk,V 라이징,승리의 여신: 니케",false,true,1657,829,370,257.5,139,129,1588.3,105,10k-20k
감쟈 Potato,bb3b2004395434b223f63d88744e364f,https://chzzk.naver.com/live/bb3b2004395434b223f63d88744e364f,10791,"마인크래프트,PUBG: 배틀그라운드,발로란트",true,false,28,22,13,11.5,8,5.5,609.2,126,10k-20k
남궁루리 NGRULI,5f7890a846ee8f4648dbb35f98dbe41c,https://chzzk.naver.com/live/5f7890a846ee8f4648dbb35f98dbe41c,10557,"007 퍼스트 라이트,요시와 신기한 도감,친구모아 아일랜드 두근두근 라이프",true,false,237,154.7,100,79,73,60.5,1344.4,104,10k-20k
VG신선한망치,968e6dbde42506f85eaf8579d9a5a6a9,https://chzzk.naver.com/live/968e6dbde42506f85eaf8579d9a5a6a9,10537,"PUBG: 배틀그라운드,로스트아크,왕좌의 게임: 킹스로드",true,false,1129,349.6,141,101,80,63.5,4289.2,139,10k-20k
난바다,b1ac916d727d32cb7f472b50f6f97654,https://chzzk.naver.com/live/b1ac916d727d32cb7f472b50f6f97654,10345,"talk,하스스톤,마인크래프트",false,true,566,375,130,86,76,65,4174.6,136,10k-20k
치치 Planeta,d5e2e0c14dcca4c4b10c7c9633022f52,https://chzzk.naver.com/live/d5e2e0c14dcca4c4b10c7c9633022f52,10325,"talk,세키로: 섀도우 다이 트와이스,디트로이트: 비컴 휴먼",false,true,4292,4182.4,1138,1041,724.4,654,166.3,22,10k-20k
히렌,dfa2c2a85b1ba7131ba9a76fc3d5e224,https://chzzk.naver.com/live/dfa2c2a85b1ba7131ba9a76fc3d5e224,10323,"월드 오브 워크래프트 클래식,월드 오브 워크래프트: 한밤,PUBG: 배틀그라운드",true,false,1022,694.2,388,380.5,281.5,251.5,1055.8,136,10k-20k
포냐,943e6cdde63d2e473fe85f238633effc,https://chzzk.naver.com/live/943e6cdde63d2e473fe85f238633effc,10326,"talk,PUBG: 배틀그라운드,그림/아트",false,true,547,311,139,162,106.5,111.5,727.1,116,10k-20k
쵸쵸우,6ec2829475b485474e7bd1df449cb160,https://chzzk.naver.com/live/6ec2829475b485474e7bd1df449cb160,10308,"원신,talk,하츠 오브 아이언 4",false,true,716,348.4,160,262,106,192,569.9,119,10k-20k
도화령,d7b5e8a2bd0bb3202201fa707a726f80,https://chzzk.naver.com/live/d7b5e8a2bd0bb3202201fa707a726f80,10264,"talk,서브노티카 2,ASMR",false,true,974,733,145,76,84,60.5,1690.5,138,10k-20k
까막 KKAMAK,238a2870b188f1c47bb1c02f4e28902c,https://chzzk.naver.com/live/238a2870b188f1c47bb1c02f4e28902c,10176,"패스 오브 엑자일 2,더 롱 다크,스트리트 파이터 6",true,false,612,472.8,297,166,198,120,1737.7,145,10k-20k
오르 Or,d547c7021e8eb042acf57a315bad7d35,https://chzzk.naver.com/live/d547c7021e8eb042acf57a315bad7d35,10086,"talk,음악/노래,친구모아 아일랜드 두근두근 라이프",false,true,807,484,263,187,179,163,1379.9,133,10k-20k
자두뇨끼,55cad23e436b9b31f5e0fffe3d588194,https://chzzk.naver.com/live/55cad23e436b9b31f5e0fffe3d588194,10062,"talk,하츠 오브 아이언 4,Grand Theft Auto V",false,true,2117,609,166,135.5,94,93.5,4874.9,128,10k-20k
윤치,d400ffee88bc384977c5d4c153ef529f,https://chzzk.naver.com/live/d400ffee88bc384977c5d4c153ef529f,10023,"원신,붕괴: 스타레일,talk",true,false,825,526,180.5,191.5,116.5,119,1055.3,142,10k-20k
